"Refs","Value","Footprint","Qty","DNP","LCSC#","Notes"
"C1,C2,C6,C18,C32,C37,C41,C46,C49","100nF/50V","Capacitor_SMD:C_0402_1005Metric","9","","C6119785",""
"C3,C4,C40","2.2uF/16V","Capacitor_SMD:C_0402_1005Metric","3","","C170151",""
"C5,C17","100nF/16V","Capacitor_SMD:C_0402_1005Metric","2","","C60474",""
"C7,C19,C30","22nF/50V","Capacitor_SMD:C_0402_1005Metric","3","","","Ambiguous: cart has 2 different 22nF/50V 0402 SKUs (C5137627, C107026) for different nets - pick one"
"C12,C13","18pF/25V","Capacitor_SMD:C_0402_1005Metric","2","","C106202","Cart part is 50V-rated (over-spec vs 25V, safe)"
"C14","10uF (X7R)","Capacitor_SMD:C_0603_1608Metric","1","","C91606","Cart part is X5R dielectric, not X7R - confirm acceptable"
"C15","1uF/16V","Capacitor_SMD:C_0603_1608Metric","1","","","Not yet sourced - no 0603 1uF part in old cart"
"C16","1uF (X7R)","Capacitor_SMD:C_0402_1005Metric","1","","","Ambiguous vs C36/C42 - only one 1uF/0402 SKU in old cart (C29266, X5R), assigned there instead"
"C20","22uF/25V","Capacitor_SMD:C_0805_2012Metric","1","","C86816",""
"C22","100nF (X7R)","Capacitor_SMD:C_0402_1005Metric","1","","","Ambiguous: 2 different 100nF/0402 SKUs in old cart (50V vs 16V), voltage not specified here"
"C23-C25,C43-C45","100nF","Capacitor_SMD:C_0402_1005Metric","6","","","Ambiguous: 2 different 100nF/0402 SKUs in old cart (50V vs 16V) - value not specified"
"C27,C35,C38","22uF/16V","Capacitor_SMD:C_0805_2012Metric","3","","","Not yet sourced - old cart only had a 25V/22uF/0805 part (used for C20), no 16V option"
"C33","22pF","Capacitor_SMD:C_0603_1608Metric","1","","","Not yet sourced - no 22pF part in old cart"
"C34","22uF/16V","LED_SMD:LED_0805_2012Metric","1","","","Footprint looks wrong (LED footprint on a capacitor) - check symbol/footprint assignment before ordering"
"C36,C42","1uF/16V","Capacitor_SMD:C_0402_1005Metric","2","","C29266",""
"C39","10uF/16V","Capacitor_SMD:C_0603_1608Metric","1","","","Not yet sourced - old cart's only 0603/10uF part is 25V (used for C14)"
"C47,C48","100uF/25V","Capacitor_SMD:CP_Elec_6.3x5.8","2","","","Not yet sourced - old cart only had a 16V/100uF part in this package, confirm 25V is required"
"D1-D4","SML-D12D8WT86","LED_SMD:LED_0603_1608Metric","4","","C510024",""
"DEMUX1","74HC238D,653","SAVITAR:74HC238D653","1","","C5620",""
"DRV1,DRV2","DRV8874PWPR","SAVITAR:SOP65P640X155-18N","2","","C1855818",""
"FB1","50mΩ 2A","Inductor_SMD:L_0603_1608Metric","1","","C14709",""
"IC1","MT2492","SAVITAR:SOT95P280X145-6N","1","","C89358",""
"INAA1,INAB1","INA240A1DR","SAVITAR:SOIC127P600X175-8N","2","","C2060769",""
"J1,J2","FH34SRJ-8S-0.5SH_50_","SAVITAR:FH34SRJ8S05SH50","2","","C5213749","Cart lists a cross/equivalent MPN (HC-FPC-05-09-8RLTAG) not the FH34SRJ MPN itself - confirm footprint compatibility"
"L1","6.8uH","Inductor_SMD:L_1210_3225Metric","1","","C46962062",""
"MUX1,MUX2","74HC4051","Package_SO:SOIC-16_3.9x9.9mm_P1.27mm","2","","C132065",""
"NMOS1","TBD62083AFNG_Z,EL_","SAVITAR:SOP65P640X155-18N","1","","C4153827",""
"Q1","MMBT3904","Package_TO_SOT_SMD:SOT-23","1","","C81464",""
"R1,R12","2.87kΩ(1%)","Resistor_SMD:R_0402_1005Metric","2","","C2998175",""
"R2,R5-R7,R13,R16,R24,R27,R41,R43","10kΩ","Resistor_SMD:R_0402_1005Metric","10","","C60489",""
"R3,R4","5.1kΩ","Resistor_SMD:R_0402_1005Metric","2","","C105872",""
"R8","330Ω","Resistor_SMD:R_0402_1005Metric","1","","C2930002",""
"R9,R10,R21,R22,R28,R29","0Ω","Resistor_SMD:R_0402_1005Metric","6","","C2906858",""
"R11,R23","10kΩ(1%)","Resistor_SMD:R_0402_1005Metric","2","","","Not yet sourced - old cart only had 10kΩ at 5% tolerance (used for the other 10kΩ group)"
"R14,R15,R34,R35","510Ω","Resistor_SMD:R_0402_1005Metric","4","","C2909366",""
"R17,R19","100kΩ(1%)","Resistor_SMD:R_0402_1005Metric","2","","C60491",""
"R18","33kΩ(1%)","Resistor_SMD:R_0402_1005Metric","1","","C2909350",""
"R20","18.7kΩ(1%)","Resistor_SMD:R_0402_1005Metric","1","","C5153953",""
"R25,R26","470Ω","Resistor_SMD:R_0402_1005Metric","2","","C2909361",""
"R30-R33,R36-R39","33Ω","Resistor_SMD:R_0402_1005Metric","8","","C2906868",""
"R40,R42","47kΩ","Resistor_SMD:R_0402_1005Metric","2","","C2906872",""
"S1","SSSS811101","SAVITAR:SSSS811101","1","","","Not yet sourced"
"SHUNT1,SHUNT2","50mΩ","Resistor_SMD:R_0805_2012Metric","2","","C713441",""
"SW1-SW3","TS-1088-AR02016","Button_Switch_SMD:SW_SPST_TS-1088-xR020","3","","C720477",""
"TPA1-TPA5","TestPoint","TestPoint:TestPoint_THTPad_D2.0mm_Drill1.0mm","5","","","Test points - not a purchased part"
"TPA6,TPA7,TPB1,TPB2","TestPoint","TestPoint:TestPoint_THTPad_2.0x2.0mm_Drill1.0mm","4","","","Test points - not a purchased part"
"U1","USBLC6-2SC6","Package_TO_SOT_SMD:SOT-23-6","1","","C2827654",""
"U2","FSUSB42MUX","SAVITAR:SOP50P490X110-10N","1","","C42407092","Cart MPN has a -TP suffix (FSUSB42MUX-TP) - confirm matches footprint"
"U3","ATSAMD51J19A-A","Package_QFP:TQFP-64_10x10mm_P0.5mm","1","","","NOT YET SOURCED - the MCU itself is not in the old cart at all"
"U4","ESP32-C3-MINI-1-H4X","SAVITAR:ESP32C3MINI1H4X","1","","C41349510",""
"U5","TLV75733PDBV","Package_TO_SOT_SMD:SOT-23-5","1","","","NOT YET SOURCED - old cart has a stale LD1117S33CTR (SOT-223-4) entry from before the LDO was changed to TLV75733"
"U6-U21","QRE1113GR","OptoDevice:OnSemi_CASE100CY","16","","C232862",""
"UNOT1","TEENSY 4.0","SAVITAR:MODULE_DEV-15583","1","","","Sourced separately from PJRC, not LCSC"
"USBC1","USB_C_Receptacle_USB2.0_16P","Connector_USB:USB_C_Receptacle_HRO_TYPE-C-31-M-12","1","","C165948",""
"Y1","32.768kHz","Crystal:Crystal_SMD_3215-2Pin_3.2x1.5mm","1","","C97606",""
